page_id,url,title,language,variant,collection,http_status,content_type,text_chars
d9f5dfd453548b71,https://mooreburkina.com/,Mooré Burkina Faso,dioula;english;french;fulfulde;moore,,other,200,text/html; charset=utf-8,4962
7369e5c85bfd2357,https://mooreburkina.com/fr,Mooré Burkina Faso,dioula;english;french;fulfulde;moore,,other,200,text/html; charset=utf-8,4962
94a239329b3bcbab,https://mooreburkina.com/fr/36-contes-fulfulde-sans-audio,37 contes fulfulde (sans audio) | Mooré Burkina Faso,english;french;fulfulde;moore;san,,folktale,200,text/html; charset=utf-8,4700
fbea2a1832d9df8a,https://mooreburkina.com/fr/37-contes-fulfulde-sans-audio,36 contes fulfulde | Mooré Burkina Faso,english;french;fulfulde;moore;san,,folktale,200,text/html; charset=utf-8,4700
734854de9318b915,https://mooreburkina.com/fr/alphabet-clip-rumauntsch-puter,Alphabet Clip Rumauntsch Puter | Mooré Burkina Faso,dioula;english;french;fulfulde;moore,,orthography,200,text/html; charset=utf-8,3707
136325a91a74707b,https://mooreburkina.com/fr/applications-smartphone,Applications smartphone | Mooré Burkina Faso,dioula;english;french;fulfulde;moore,,app,200,text/html; charset=utf-8,4061
350831112273aa7a,https://mooreburkina.com/fr/applications-smartphone/applis-en-dioula,Applis en dioula | Mooré Burkina Faso,dioula;english;french;fulfulde;moore,,app,200,text/html; charset=utf-8,3690
530075bc1ace3e4b,https://mooreburkina.com/fr/applications-smartphone/applis-en-fulfulde,Applis en Fulfulde | Mooré Burkina Faso,dioula;english;french;fulfulde;moore,,app,200,text/html; charset=utf-8,3819
98d278e7681391f3,https://mooreburkina.com/fr/applications-smartphone/applis-en-moor%C3%A9,Applis en mooré | Mooré Burkina Faso,dioula;english;french;fulfulde;moore,,app,200,text/html; charset=utf-8,3937
d473a432934b73f8,https://mooreburkina.com/fr/applications-smartphone/applis-smartphone-en-langues-burkina,Applis Smartphone en langues Burkina | Mooré Burkina Faso,dioula;english;french;fulfulde;moore,,app,200,text/html; charset=utf-8,3898
b7cd113278903c1a,https://mooreburkina.com/fr/bienvenu-au-pays-mossi,Mooré Burkina Faso,dioula;english;french;fulfulde;moore,,other,200,text/html; charset=utf-8,4962
ffb0befbdad602eb,https://mooreburkina.com/fr/chants-et-musique/alphabet-en-langues-nationales,Alphabet en langues nationales | Mooré Burkina Faso,dioula;english;french;fulfulde;gulimancema;lobiri;lyele;moore;nuni;san,,orthography,200,text/html; charset=utf-8,5537
7ad2e9a7246ca1cb,https://mooreburkina.com/fr/chants-et-musique/chants-de-la-chorale-1,Chants de la chorale 1 | Mooré Burkina Faso,dioula;english;french;fulfulde;moore,,music,200,text/html; charset=utf-8,4133
14bd46f5ed384dd5,https://mooreburkina.com/fr/chants-et-musique/chants-et-clips-de-youtube,Chants et clips de Youtube 1 | Mooré Burkina Faso,dioula;english;french;fulfulde;moore,,music,200,text/html; charset=utf-8,3991
3bf96fe95985d8d0,https://mooreburkina.com/fr/chants-et-musique/chants-et-clips-de-youtube-2,Chants et clips de Youtube 2 | Mooré Burkina Faso,dioula;english;french;fulfulde;moore,,music,200,text/html; charset=utf-8,4037
f7b11faac69aecaa,https://mooreburkina.com/fr/chants-et-musique/hymnes-nationales,Hymnes Nationales | Mooré Burkina Faso,dioula;english;french;fulfulde;lobiri;lyele;moore;nuni;san,,music,200,text/html; charset=utf-8,4108
14b0132c7a3de541,https://mooreburkina.com/fr/collection-2-12-contes-en-moor%C3%A9,Contes vol 1 avec audio | Mooré Burkina Faso,english;french;moore,,folktale,200,text/html; charset=utf-8,4238
179d91e67532d91f,https://mooreburkina.com/fr/contes-et-proverbes-en-moor%C3%A9/contes-en-moor%C3%A9,Contes vol 2 avec audio | Mooré Burkina Faso,english;french;moore,,folktale,200,text/html; charset=utf-8,4401
6a0fa0d74a02c693,https://mooreburkina.com/fr/contes-et-proverbes-en-moor%C3%A9/proverbes-en-moor%C3%A9-vol-1,Proverbes en mooré vol. 1 | Mooré Burkina Faso,english;french;moore,,folktale,200,text/html; charset=utf-8,4206
bf4849a49b1dba98,https://mooreburkina.com/fr/contes-proverbes/contes-vol-3-avec-audio,Contes vol. 3 avec audio | Mooré Burkina Faso,dioula;english;french;fulfulde;moore,,folktale,200,text/html; charset=utf-8,4144
49c00fee2e23d3b8,https://mooreburkina.com/fr/contes-proverbes/contes-vol-4-avec-audio,Contes vol. 4 avec audio | Mooré Burkina Faso,dioula;english;french;fulfulde;moore,,folktale,200,text/html; charset=utf-8,4104
194b0264a272020a,https://mooreburkina.com/fr/contes-proverbes/contes-vol-5-avec-fran%C3%A7ais,Contes vol. 5 avec français | Mooré Burkina Faso,english;french;moore,,folktale,200,text/html; charset=utf-8,5257
b2d1bdbae62bde0c,https://mooreburkina.com/fr/contes-proverbes/devinettes-en-moor%C3%A9,Devinettes en mooré | Mooré Burkina Faso,dioula;english;french;fulfulde;moore,,folktale,200,text/html; charset=utf-8,3811
d8f3adf2a6de9d32,https://mooreburkina.com/fr/contes-proverbes/la-sagesse-du-moogo-vol-1,La sagesse du Moogo vol. 1 | Mooré Burkina Faso,english;french;moore,,folktale,200,text/html; charset=utf-8,4435
07cfdd22c2d08506,https://mooreburkina.com/fr/contes-proverbes/la-sagesse-du-moogo-vol-2,La sagesse du Moogo vol. 2 | Mooré Burkina Faso,english;french;fulfulde;moore,,folktale,200,text/html; charset=utf-8,4458
7ce709087bd3425b,https://mooreburkina.com/fr/contes-proverbes/moor%C3%A9-proverbes-vol-12,Mooré proverbes vol. 12 | Mooré Burkina Faso,dioula;english;french;fulfulde;moore;san,,folktale,200,text/html; charset=utf-8,3825
d5be2dd95030ee66,https://mooreburkina.com/fr/contes-proverbes/proverbes-en-moor%C3%A9-vol-10,Proverbes en mooré vol. 10 | Mooré Burkina Faso,dioula;english;french;fulfulde;moore,,folktale,200,text/html; charset=utf-8,3832
195d2b9e4993c814,https://mooreburkina.com/fr/contes-proverbes/proverbes-en-moor%C3%A9-vol-2,Proverbes en mooré vol. 2 | Mooré Burkina Faso,dioula;english;french;moore,,folktale,200,text/html; charset=utf-8,4197
7f091e69af869208,https://mooreburkina.com/fr/contes-proverbes/proverbes-en-moor%C3%A9-vol-3,Proverbes en mooré vol. 3 | Mooré Burkina Faso,dioula;english;french;moore,,folktale,200,text/html; charset=utf-8,4196
0f5cce69c88536f2,https://mooreburkina.com/fr/contes-proverbes/proverbes-en-moor%C3%A9-vol-4,Proverbes en mooré vol. 4 | Mooré Burkina Faso,english;french;moore,,folktale,200,text/html; charset=utf-8,4210
3e3b09fa3475e556,https://mooreburkina.com/fr/contes-proverbes/proverbes-en-moor%C3%A9-vol-5,Proverbes en mooré vol. 5 | Mooré Burkina Faso,english;french;moore,,folktale,200,text/html; charset=utf-8,4210
f33c3d035ba37a25,https://mooreburkina.com/fr/contes-proverbes/proverbes-en-moor%C3%A9-vol-6,Proverbes en mooré vol. 6 | Mooré Burkina Faso,english;french;moore,,folktale,200,text/html; charset=utf-8,4210
ebbecc2834d6bdf1,https://mooreburkina.com/fr/contes-proverbes/proverbes-en-moor%C3%A9-vol-7,Proverbes en mooré vol. 7 | Mooré Burkina Faso,english;french;moore,,folktale,200,text/html; charset=utf-8,4210
9370a48ea39f1076,https://mooreburkina.com/fr/contes-proverbes/proverbes-en-moor%C3%A9-vol-8,Proverbes en mooré vol. 8 | Mooré Burkina Faso,english;french;moore,,folktale,200,text/html; charset=utf-8,4210
8830e00382181d17,https://mooreburkina.com/fr/contes-proverbes/proverbes-en-moor%C3%A9-vol-9,Proverbes en mooré vol. 9 | Mooré Burkina Faso,dioula;english;french;fulfulde;moore,,folktale,200,text/html; charset=utf-8,3832
ef84179fe9185909,https://mooreburkina.com/fr/contes-proverbes/proverbes-moor%C3%A9-vol-11,Proverbes mooré. vol. 11 | Mooré Burkina Faso,dioula;english;french;fulfulde;moore,,folktale,200,text/html; charset=utf-8,3826
5a500dccc03f834c,https://mooreburkina.com/fr/dictionnaire-dioula-en-ligne-0,Dictionnaire dioula en ligne | Mooré Burkina Faso,dioula;english;french;fulfulde;moore,,dictionary,200,text/html; charset=utf-8,4110
3253621685faa835,https://mooreburkina.com/fr/dictionnaire-moor%C3%A9,Dictionnaires | Mooré Burkina Faso,dioula;english;french;fulfulde;moore,,dictionary,200,text/html; charset=utf-8,4089
1f0395aae8c8af3d,https://mooreburkina.com/fr/dictionnaire-moor%C3%A9/aplications-de-dictionnaires-pour-ordinateur,Applications de dictionnaires | Mooré Burkina Faso,dioula;english;french;fulfulde;gulimancema;moore,,dictionary,200,text/html; charset=utf-8,8830
124b5e7092882f4f,https://mooreburkina.com/fr/dictionnaire-moor%C3%A9/dictionnaire-dioula-fran%C3%A7ais-english,Dictionnaire dioula en-ligne | Mooré Burkina Faso,dioula;english;french;fulfulde;moore,,dictionary,200,text/html; charset=utf-8,3631
60dd1fccd5183b61,https://mooreburkina.com/fr/dictionnaire-moor%C3%A9/dictionnaire-fulfulde-fran%C3%A7ais-english,Dictionnaire fulfulde en ligne | Mooré Burkina Faso,dioula;english;french;fulfulde;moore,,dictionary,200,text/html; charset=utf-8,3635
04c81702b0d74f61,https://mooreburkina.com/fr/dictionnaire-moor%C3%A9/dictionnaire-moore-en-ligne,Dictionnaire moore en ligne | Mooré Burkina Faso,dioula;english;french;fulfulde;moore,,dictionary,200,text/html; charset=utf-8,3672
2c74b1822759d50d,https://mooreburkina.com/fr/dictionnaire-moore-en-ligne,Dictionnaire moore en ligne | Mooré Burkina Faso,dioula;english;french;fulfulde;moore,,dictionary,200,text/html; charset=utf-8,3901
6ec3838ba742a566,https://mooreburkina.com/fr/dioula-fulfulde,Dioula | Mooré Burkina Faso,dioula;english;french;fulfulde;moore,,other,200,text/html; charset=utf-8,6027
f7317d56532b238f,https://mooreburkina.com/fr/dioula-fulfulde/%C3%A9couter-la-parole-de-dieu-en-dioula,Écouter la parole de Dieu en dioula | Mooré Burkina Faso,dioula;english;french;fulfulde;moore,,religious,200,text/html; charset=utf-8,4124
3444f7c11785f595,https://mooreburkina.com/fr/dioula-fulfulde/%C3%A9couter-la-parole-de-dieu-en-fulfulde,Écouter la parole de Dieu en fulfulde | Mooré Burkina Faso,dioula;english;french;fulfulde;moore,,religious,200,text/html; charset=utf-8,3898
f76adae17006287d,https://mooreburkina.com/fr/dioula-fulfulde/contes-dioula-et-fran%C3%A7ais,Proverbes dioula et français | Mooré Burkina Faso,dioula;english;french;fulfulde;moore,,folktale,200,text/html; charset=utf-8,4035
871f53c897ec0817,https://mooreburkina.com/fr/dioula/5-contes-dioula,5 contes dioula | Mooré Burkina Faso,dioula;english;french;moore;san,,folktale,200,text/html; charset=utf-8,4296
bcc797c92405fb9c,https://mooreburkina.com/fr/dioula/applis-en-dioula-jula,Applis en dioula / jula | Mooré Burkina Faso,dioula;french;fulfulde;moore,,app,200,text/html; charset=utf-8,3607
3b8ab13d0714f67a,https://mooreburkina.com/fr/dioula/contes-dioula-avec-audio-vol-4,Contes dioula avec audio vol. 4 | Mooré Burkina Faso,dioula;english;french;moore;san,,folktale,200,text/html; charset=utf-8,4468
d119424969cc8dac,https://mooreburkina.com/fr/dioula/contes-en-dioula-avec-audio-volume-2,"Contes en dioula avec audio, volume 2 | Mooré Burkina Faso",dioula;english;french;moore;san,,folktale,200,text/html; charset=utf-8,4300
f586b82d4b58c4f7,https://mooreburkina.com/fr/dioula/contes-en-dioula-avec-audio-volume-3,"Contes en dioula avec audio, volume 3 | Mooré Burkina Faso",dioula;english;french;moore,,folktale,200,text/html; charset=utf-8,4625
1faee52305f5d6ce,https://mooreburkina.com/fr/dioula/dioula-facile-tome-1,Dioula facile tome 1 | Mooré Burkina Faso,dioula;english;french;moore;san,,other,200,text/html; charset=utf-8,4191
d5d14bac8be7bc71,https://mooreburkina.com/fr/dioula/documents-dioula,Documents dioula | Mooré Burkina Faso,dioula;english;french;moore,,book_document,200,text/html; charset=utf-8,5913
16758a894f21c57c,https://mooreburkina.com/fr/dioula/evangile-de-marc-en-dioula,Evangile de Marc en dioula | Mooré Burkina Faso,dioula;english;french;moore;san,,religious,200,text/html; charset=utf-8,4565
ae2ff67ab18cc67a,https://mooreburkina.com/fr/dioula/film-j%C3%A9sus-en-dioula,Film Jésus en dioula | Mooré Burkina Faso,dioula;english;french;moore;san,,religious,200,text/html; charset=utf-8,6272
a4d11eda354b2bf0,https://mooreburkina.com/fr/dioula/guide-dorthographe-dioula,Guide d'orthographe dioula | Mooré Burkina Faso,dioula;english;french;fulfulde;moore,,orthography,200,text/html; charset=utf-8,3658
ae3e6be77e8dff7e,https://mooreburkina.com/fr/dioula/la-parole-de-dieu,La Parole de Dieu | Mooré Burkina Faso,dioula;english;french;moore,,religious,200,text/html; charset=utf-8,4891
34ddbfddddb81736,https://mooreburkina.com/fr/dioula/marcher-avec-j%C3%A9sus-1-5,Marcher avec Jésus 1 - 5 | Mooré Burkina Faso,dioula;english;french;fulfulde;moore,,religious,200,text/html; charset=utf-8,4151
d8fe75c468b1736b,https://mooreburkina.com/fr/dioula/marie-de-magdala-en-dioula,Marie de Magdala en dioula | Mooré Burkina Faso,dioula;english;french;moore;san,,religious,200,text/html; charset=utf-8,6026
9eaca521508dcde8,https://mooreburkina.com/fr/dioula/po%C3%A8mes-en-dioula,Poèmes en dioula | Mooré Burkina Faso,dioula;english;french;fulfulde;moore,,poem,200,text/html; charset=utf-8,4136
73a81b87255785dc,https://mooreburkina.com/fr/dioula/proverbes-dioula-vol-3,Proverbes dioula vol 2 | Mooré Burkina Faso,dioula;english;french;fulfulde;moore,,proverb,200,text/html; charset=utf-8,3829
7de663c52001817a,https://mooreburkina.com/fr/dioula/proverbes-dioula-vol-3-0,Proverbes dioula vol 3 | Mooré Burkina Faso,dioula;english;french;fulfulde;moore,,proverb,200,text/html; charset=utf-8,3829
c6ef10a1b15595fe,https://mooreburkina.com/fr/dioula/proverbes-dioula-vol-4,Proverbes dioula vol 4 | Mooré Burkina Faso,dioula;english;french;fulfulde;moore,,proverb,200,text/html; charset=utf-8,3829
e00a83c531413c0f,https://mooreburkina.com/fr/dioula/proverbes-lu-en-dioula-vol-1,Proverbes dioula vol 1 | Mooré Burkina Faso,dioula;english;french;fulfulde;moore,,proverb,200,text/html; charset=utf-8,3829
ee36bec9787b5858,https://mooreburkina.com/fr/dioula/videos-en-diaporama-dioula,Videos en diaporama dioula | Mooré Burkina Faso,dioula;english;french;moore,,other,200,text/html; charset=utf-8,4790
cbab6528e5f1c911,https://mooreburkina.com/fr/dioula/youtube-chants-diuola,Youtube chants diuola | Mooré Burkina Faso,dioula;english;french;fulfulde;moore,,music,200,text/html; charset=utf-8,3770
1821427685406d50,https://mooreburkina.com/fr/film-jesus-en-fulfulde-massina-mali,Film Jesus en Fulfulde Maasina (Mali) | Mooré Burkina Faso,english;french;fulfulde;moore;san,fulfulde_maasina,religious,200,text/html; charset=utf-8,6344
85da5f19ac19e474,https://mooreburkina.com/fr/films-clips/clip-de-divers-chorales,Des clips de divers chorales | Mooré Burkina Faso,dioula;english;french;fulfulde;moore,,music,200,text/html; charset=utf-8,4095
ee186e60ea429e50,https://mooreburkina.com/fr/films-clips/evangile-de-luc,Evangile de Luc | Mooré Burkina Faso,english;french;moore;san,,religious,200,text/html; charset=utf-8,4754
2735252f1fe880f8,https://mooreburkina.com/fr/films-clips/evangile-de-marc-prot,Evangile de Marc (Prot.) | Mooré Burkina Faso,english;french;moore;san,,religious,200,text/html; charset=utf-8,4547
a57b388d76ab6d06,https://mooreburkina.com/fr/films-clips/evangile-selon-marc-cath,Evangile selon Marc (Cath.) | Mooré Burkina Faso,english;french;moore;san,,religious,200,text/html; charset=utf-8,4589
2b9b7bb236c110d1,https://mooreburkina.com/fr/films-clips/marcher-avec-j%C3%A9sus,Marcher avec Jésus | Mooré Burkina Faso,english;french;moore;san,,religious,200,text/html; charset=utf-8,4323
d1fb22e87faf43c2,https://mooreburkina.com/fr/films-clips/vid%C3%A9os-de-diaporama,Vidéos de diaporama | Mooré Burkina Faso,english;french;moore,,other,200,text/html; charset=utf-8,5395
92b580c0a2ada6fe,https://mooreburkina.com/fr/films-et-clips/chants-de-diff%C3%A9rentes-chorales-asc,Chants de chorales ASC | Mooré Burkina Faso,dioula;english;french;fulfulde;moore,,music,200,text/html; charset=utf-8,3921
0f19caa85d7c0f9b,https://mooreburkina.com/fr/films-et-clips/film-j%C3%A9sus-en-moor%C3%A9,Film Jésus en mooré | Mooré Burkina Faso,english;french;moore,,religious,200,text/html; charset=utf-8,4309
6c1ebb0ab88c9b78,https://mooreburkina.com/fr/films-et-clips/le-film-de-magdala-en-moor%C3%A9,Marie de Magdala en mooré | Mooré Burkina Faso,english;french;moore;san,,religious,200,text/html; charset=utf-8,6024
ea80601027af7c11,https://mooreburkina.com/fr/fran%C3%A7ais-applications,Français applications | Mooré Burkina Faso,english;french;moore,,app,200,text/html; charset=utf-8,7647
051a7133ff1b40bf,https://mooreburkina.com/fr/fulfulde,Fulfulde | Mooré Burkina Faso,english;french;fulfulde;moore,,other,200,text/html; charset=utf-8,6278
1bfb16aaeb63a1da,https://mooreburkina.com/fr/fulfulde/1495-proverbes-en-fulfulde,1495 proverbes en fulfulde | Mooré Burkina Faso,dioula;english;french;fulfulde;moore,,proverb,200,text/html; charset=utf-8,3897
fa38995d08bbca4d,https://mooreburkina.com/fr/fulfulde/15-contes-en-fulfulde,15 contes en fulfulde | Mooré Burkina Faso,dioula;english;french;fulfulde;moore,,folktale,200,text/html; charset=utf-8,4205
c836d39a1e57109c,https://mooreburkina.com/fr/fulfulde/chants-jam-tan-youtube,Chants Jam Tan YouTube | Mooré Burkina Faso,english;french;fulfulde;moore,,music,200,text/html; charset=utf-8,4812
c3d2c349566058ad,https://mooreburkina.com/fr/fulfulde/contes-lus-en-fulfulde,Contes lus en fulfulde vol 1 | Mooré Burkina Faso,dioula;english;french;fulfulde;moore,,folktale,200,text/html; charset=utf-8,4083
2424bdbf1516a9cf,https://mooreburkina.com/fr/fulfulde/contes-lus-en-fulfulde-0,Contes lus en fulfulde vol 2 | Mooré Burkina Faso,dioula;english;french;fulfulde;moore,,folktale,200,text/html; charset=utf-8,4107
3b898871bae623dc,https://mooreburkina.com/fr/fulfulde/contes-lus-en-fulfulde-5,Contes lus en fulfulde vol 5 | Mooré Burkina Faso,dioula;english;french;fulfulde;moore,,folktale,200,text/html; charset=utf-8,4126
6c4ce3e3f67db718,https://mooreburkina.com/fr/fulfulde/contes-lus-en-fulfulde-vol-3,Contes lus en fulfulde vol 3 | Mooré Burkina Faso,dioula;english;french;fulfulde;moore,,folktale,200,text/html; charset=utf-8,4124
f416da72686f5b83,https://mooreburkina.com/fr/fulfulde/dictionnaire-fulfulde-en-ligne,Dictionnaire fulfulde en ligne | Mooré Burkina Faso,dioula;english;french;fulfulde;moore,,dictionary,200,text/html; charset=utf-8,4123
a9b0fa2a15eaa32d,https://mooreburkina.com/fr/fulfulde/documents-pdf-fulfulde,Documents pdf Fulfulde | Mooré Burkina Faso,english;french;fulfulde;moore,fulfulde_gurmaare;fulfulde_jelgoore;fulfulde_moosiire;fulfulde_yaagaare,book_document,200,text/html; charset=utf-8,5490
7824b3983d8a8a79,https://mooreburkina.com/fr/fulfulde/evangile-de-marc-fulfulde-massina,Evangile de Marc Fulfulde Massina | Mooré Burkina Faso,english;french;fulfulde;moore;san,fulfulde_maasina,religious,200,text/html; charset=utf-8,4527
96b2819bfbd09fcf,https://mooreburkina.com/fr/fulfulde/j%C3%A9sus-parle-le-fulfulde,Le film Jésus en fulfulde (Niger) | Mooré Burkina Faso,english;french;fulfulde;moore;san,,religious,200,text/html; charset=utf-8,6340
69b2851c06422beb,https://mooreburkina.com/fr/fulfulde/la-parole-de-dieu-en-fulfulde,La parole de Dieu en Fulfulde | Mooré Burkina Faso,english;french;fulfulde;moore,,religious,200,text/html; charset=utf-8,4663
b0827422a61408ee,https://mooreburkina.com/fr/fulfulde/le-chemin-de-la-justice,Le Chemin de la Justice | Mooré Burkina Faso,english;french;fulfulde;moore,,religious,200,text/html; charset=utf-8,5356
5820c1020e4a42cd,https://mooreburkina.com/fr/fulfulde/matthieu-en-fulfulde-massina,Matthieu en fulfulde Massina | Mooré Burkina Faso,english;french;fulfulde;moore;san,fulfulde_maasina,religious,200,text/html; charset=utf-8,5114
4b6b3f09c8ea7f10,https://mooreburkina.com/fr/fulfulde/proverbes-dioula-vol-4,Contes lus en fulfulde vol 4 | Mooré Burkina Faso,dioula;english;french;fulfulde;moore,,folktale,200,text/html; charset=utf-8,4058
dbb886d9d6b907e0,https://mooreburkina.com/fr/fulfulde/proverbes-fulfulde-avec-audio,Proverbes fulfulde avec audio vol. 1 | Mooré Burkina Faso,dioula;english;french;fulfulde;moore,,proverb,200,text/html; charset=utf-8,3857
0a368c6929c2dec0,https://mooreburkina.com/fr/fulfulde/proverbes-fulfulde-avec-audio-vol-5,Proverbes fulfulde avec audio vol. 5 | Mooré Burkina Faso,dioula;english;french;fulfulde;moore,,proverb,200,text/html; charset=utf-8,3857
17210f60239a3607,https://mooreburkina.com/fr/fulfulde/proverbes-fulfulde-avec-audio-vol2,Proverbes fulfulde avec audio vol2 | Mooré Burkina Faso,dioula;english;french;fulfulde;moore,,proverb,200,text/html; charset=utf-8,3853
f64f28230895f4c3,https://mooreburkina.com/fr/fulfulde/proverbes-fulfulde-avec-audio-vol3,Proverbes fulfulde avec audio vol.3 | Mooré Burkina Faso,dioula;english;french;fulfulde;moore,,proverb,200,text/html; charset=utf-8,3855
ee9a4221bfe82dbb,https://mooreburkina.com/fr/fulfulde/proverbes-fulfulde-avec-audio-vol4,Proverbes fulfulde avec audio vol.4 | Mooré Burkina Faso,dioula;english;french;fulfulde;moore,,proverb,200,text/html; charset=utf-8,3855
77eb2c821a16ee84,https://mooreburkina.com/fr/fulfulde/vid%C3%A9os-en-diaporama-fulfulde,Vidéos en diaporama fulfulde | Mooré Burkina Faso,english;french;fulfulde;moore,,other,200,text/html; charset=utf-8,5415
f59309c75bc16aff,https://mooreburkina.com/fr/fulfulde/youtube-chants-fulfulde,Chants fulfulde sur Youtube | Mooré Burkina Faso,dioula;english;french;fulfulde;moore,,music,200,text/html; charset=utf-8,3947
9feeecf5bb85c525,https://mooreburkina.com/fr/gulimancema,Gulimancema | Mooré Burkina Faso,dioula;english;french;fulfulde;gulimancema;moore,,other,200,text/html; charset=utf-8,3870
76a9c1534040baeb,https://mooreburkina.com/fr/gulimancema/applications-gulmanchema,Applications gulmanchema | Mooré Burkina Faso,english;french;gulimancema;moore,,app,200,text/html; charset=utf-8,5771
36fe38a640b09b7a,https://mooreburkina.com/fr/gulimancema/chants-et-musique-gulmanche,Chants et musique gulmanche | Mooré Burkina Faso,dioula;english;french;fulfulde;gulimancema;moore,,music,200,text/html; charset=utf-8,3985
c46be58588644824,https://mooreburkina.com/fr/gulimancema/dictionnaire-gulmanchema,Dictionnaire Gulmanchema | Mooré Burkina Faso,dioula;english;french;fulfulde;gulimancema;moore,,dictionary,200,text/html; charset=utf-8,3829
6e6ad69c84eb72e6,https://mooreburkina.com/fr/gulimancema/evangile-de-luc,Evangile de Luc | Mooré Burkina Faso,english;french;gulimancema;moore;san,,religious,200,text/html; charset=utf-8,4844
be0e826d8a2532fa,https://mooreburkina.com/fr/gulimancema/film-de-j%C3%A9sus-gulmancema,Film de Jésus gulmancema | Mooré Burkina Faso,english;french;gulimancema;moore;san,,religious,200,text/html; charset=utf-8,6237
8f80852299c8986b,https://mooreburkina.com/fr/gulimancema/le-chemin-de-la-justice,Le Chemin de la Justice | Mooré Burkina Faso,english;french;gulimancema;moore,,religious,200,text/html; charset=utf-8,7930
3c40e0f4128787aa,https://mooreburkina.com/fr/gulimancema/marc-en-gurmancema,Marc en gurmancema | Mooré Burkina Faso,english;french;gulimancema;moore;san,,religious,200,text/html; charset=utf-8,4575
6b86db9586f289d3,https://mooreburkina.com/fr/gulimancema/vid%C3%A9os-en-diaporama-gulmancema,Vidéos en diaporama gulmancema | Mooré Burkina Faso,dioula;english;french;gulimancema;moore,,other,200,text/html; charset=utf-8,4191
b1a8ddacd22da88a,https://mooreburkina.com/fr/images/animaux,Animaux | Mooré Burkina Faso,dioula;english;french;fulfulde;moore,,image_culture,200,text/html; charset=utf-8,3683
2d76979662d6637c,https://mooreburkina.com/fr/images/fotos-du-pays-mossi/gens-et-impressions,Gens et leur quotidien | Mooré Burkina Faso,dioula;english;french;fulfulde;moore,,image_culture,200,text/html; charset=utf-8,3662
b7b81e51cfd31d78,https://mooreburkina.com/fr/images/impression-de-ouagadougou,Impression de Ouagadougou | Mooré Burkina Faso,dioula;english;french;fulfulde;moore,,image_culture,200,text/html; charset=utf-8,3668
7a600f6485884ea9,https://mooreburkina.com/fr/images/le-burkina-faso-en-images,Le Burkina Faso en images | Mooré Burkina Faso,dioula;english;french;fulfulde;moore,,image_culture,200,text/html; charset=utf-8,3728
aab9222286c12caa,https://mooreburkina.com/fr/images/ouagadougou,Ouagadougou en image clip | Mooré Burkina Faso,dioula;english;french;fulfulde;moore,,image_culture,200,text/html; charset=utf-8,3727
17617cb4cdf4795e,https://mooreburkina.com/fr/images/tissus,Tissus | Mooré Burkina Faso,dioula;english;french;fulfulde;moore,,image_culture,200,text/html; charset=utf-8,3630
83d89678ed7fcca8,https://mooreburkina.com/fr/impressum,Droits d'auteur | Mooré Burkina Faso,dioula;english;french;fulfulde;moore,,other,200,text/html; charset=utf-8,3529
196d86ed1a4b803c,https://mooreburkina.com/fr/la-parole-de-dieu/la-parole-de-dieu-en-moor%C3%A9,Lire la Parole de Dieu en mooré | Mooré Burkina Faso,english;french;moore,,religious,200,text/html; charset=utf-8,4979
7ef4c71654e2b854,https://mooreburkina.com/fr/livres-en-moor%C3%A9/%C3%A9crire-les-langues-nationales,Écrire les langues nationales | Mooré Burkina Faso,dioula;english;french;fulfulde;moore,,book_document,200,text/html; charset=utf-8,4724
23319cf9c9049d05,https://mooreburkina.com/fr/livres-en-moor%C3%A9/t%C3%A9l%C3%A9charger-pdf,Télécharger des livres en mooré pdf | Mooré Burkina Faso,english;french;moore,,book_document,200,text/html; charset=utf-8,4823
46bff636dd0ec211,https://mooreburkina.com/fr/parole-de-dieu/%C3%A9couter-le-nouveau-testament-en-moor%C3%A9,Écouter le Nouveau Testament en mooré | Mooré Burkina Faso,dioula;english;french;fulfulde;moore,,religious,200,text/html; charset=utf-8,4141
134d33d271c24716,https://mooreburkina.com/fr/parole-de-dieu/le-chemin-de-la-justice,Le Chemin de la Justice | Mooré Burkina Faso,english;french;moore,,religious,200,text/html; charset=utf-8,5569
93ae49217c05d86b,https://mooreburkina.com/fr/privacypolicy,Politique de confidentialité | Mooré Burkina Faso,english;french;moore;san,,other,200,text/html; charset=utf-8,4743
6d6b2a438c43e290,https://mooreburkina.com/fr/pwa/instructions,Instructions d'installation de Progressive Web App | Mooré Burkina Faso,dioula;english;french;fulfulde;moore,,other,200,text/html; charset=utf-8,3852
26b8fca2f9523273,https://mooreburkina.com/fr/search,Rechercher | Mooré Burkina Faso,dioula;english;french;fulfulde;moore;san,,other,200,text/html; charset=utf-8,3391
1ab00a7f914f8ee0,https://mooreburkina.com/fr/sitemap,Plan du site | Mooré Burkina Faso,dioula;english;french;fulfulde;moore;san,fulfulde_maasina,other,200,text/html; charset=utf-8,6484
dc7bfe934951ffb6,https://mooreburkina.com/libraries/pdfjs-dist-viewer-min/build/minified/web/viewer.html?file=%2Fsites%2Fwww.mooreburkina.com%2Ffiles%2FFulfulde%2520grammar%2520236%2520pages.pdf,PDF.js viewer,fulfulde;moore,,orthography,200,text/html,1258
5aea45cc0175638a,https://mooreburkina.com/libraries/pdfjs-dist-viewer-min/build/minified/web/viewer.html?file=%2Fsites%2Fwww.mooreburkina.com%2Ffiles%2FGurmaare%2520Language%2520Learning%2520lessons.pdf,PDF.js viewer,fulfulde;moore,fulfulde_gurmaare,book_document,200,text/html,1258
01b8984d91168049,https://mooreburkina.com/libraries/pdfjs-dist-viewer-min/build/minified/web/viewer.html?file=%2Fsites%2Fwww.mooreburkina.com%2Ffiles%2FJelgoore%2520Language%2520Learning%2520lessons.pdf,PDF.js viewer,fulfulde;moore,fulfulde_jelgoore,book_document,200,text/html,1258
18171c5c6afbc8da,https://mooreburkina.com/libraries/pdfjs-dist-viewer-min/build/minified/web/viewer.html?file=%2Fsites%2Fwww.mooreburkina.com%2Ffiles%2FMoosiire%2520Language%2520Learning%2520lessons.pdf,PDF.js viewer,fulfulde;moore,fulfulde_moosiire,book_document,200,text/html,1258
3223bd2eea4a756c,https://mooreburkina.com/libraries/pdfjs-dist-viewer-min/build/minified/web/viewer.html?file=%2Fsites%2Fwww.mooreburkina.com%2Ffiles%2FYaagaare%2520Language%2520Learning%2520lessons.pdf,PDF.js viewer,fulfulde;moore,fulfulde_yaagaare,book_document,200,text/html,1258
c803599b856f3619,https://mooreburkina.com/libraries/pdfjs-dist-viewer-min/build/minified/web/viewer.html?file=%2Fsites%2Fwww.mooreburkina.com%2Ffiles%2Fpdf-files%2FBambara%2520-%2520Allemand%2520Index.pdf,PDF.js viewer,moore,,book_document,200,text/html,1258
dc3c6c013646f4e6,https://mooreburkina.com/libraries/pdfjs-dist-viewer-min/build/minified/web/viewer.html?file=%2Fsites%2Fwww.mooreburkina.com%2Ffiles%2Fpdf-files%2FBambara%2520-%2520English%2520Index.pdf,PDF.js viewer,english;moore,,book_document,200,text/html,1258
1345154b98b4194b,https://mooreburkina.com/libraries/pdfjs-dist-viewer-min/build/minified/web/viewer.html?file=%2Fsites%2Fwww.mooreburkina.com%2Ffiles%2Fpdf-files%2FBambara%2520-%2520Fran%25C3%25A7ais%2520Index%2520%2528fran%25C3%25A7ais%2529.pdf,PDF.js viewer,moore,,book_document,200,text/html,1258
603ecd64d8332d9c,https://mooreburkina.com/libraries/pdfjs-dist-viewer-min/build/minified/web/viewer.html?file=%2Fsites%2Fwww.mooreburkina.com%2Ffiles%2Fpdf-files%2FBambara%2520Animaux%2520inf%25C3%25A9rieurs.pdf,PDF.js viewer,moore,,image_culture,200,text/html,1258
d106cf0eae57157a,https://mooreburkina.com/libraries/pdfjs-dist-viewer-min/build/minified/web/viewer.html?file=%2Fsites%2Fwww.mooreburkina.com%2Ffiles%2Fpdf-files%2FBambara%2520Buissons%252C%2520arbustes.pdf,PDF.js viewer,moore,,book_document,200,text/html,1258
58b2e6db2480bc1b,https://mooreburkina.com/libraries/pdfjs-dist-viewer-min/build/minified/web/viewer.html?file=%2Fsites%2Fwww.mooreburkina.com%2Ffiles%2Fpdf-files%2FBambara%2520Herbes%252C%2520plantes%2520grimpantes.pdf,PDF.js viewer,moore,,book_document,200,text/html,1258
0bf9eac36feeca6b,https://mooreburkina.com/libraries/pdfjs-dist-viewer-min/build/minified/web/viewer.html?file=%2Fsites%2Fwww.mooreburkina.com%2Ffiles%2Fpdf-files%2FBambara%2520Lexicon.pdf,PDF.js viewer,moore,,book_document,200,text/html,1258
c26d2d5cafe8297b,https://mooreburkina.com/libraries/pdfjs-dist-viewer-min/build/minified/web/viewer.html?file=%2Fsites%2Fwww.mooreburkina.com%2Ffiles%2Fpdf-files%2FBambara%2520Lexique.pdf,PDF.js viewer,moore,,dictionary,200,text/html,1258
296f120d1a30ebd4,https://mooreburkina.com/libraries/pdfjs-dist-viewer-min/build/minified/web/viewer.html?file=%2Fsites%2Fwww.mooreburkina.com%2Ffiles%2Fpdf-files%2FBambara%2520Mammif%25C3%25A8res.pdf,PDF.js viewer,moore,,book_document,200,text/html,1258
a05da8537db73835,https://mooreburkina.com/libraries/pdfjs-dist-viewer-min/build/minified/web/viewer.html?file=%2Fsites%2Fwww.mooreburkina.com%2Ffiles%2Fpdf-files%2FBambara%2520Oiseaux.pdf,PDF.js viewer,moore,,book_document,200,text/html,1258
7f91bbf20b0e8550,https://mooreburkina.com/libraries/pdfjs-dist-viewer-min/build/minified/web/viewer.html?file=%2Fsites%2Fwww.mooreburkina.com%2Ffiles%2Fpdf-files%2FBambara%2520Reptiles%2520et%2520Amphibiens.pdf,PDF.js viewer,moore,,book_document,200,text/html,1258
bce8042dd30c7245,https://mooreburkina.com/libraries/pdfjs-dist-viewer-min/build/minified/web/viewer.html?file=%2Fsites%2Fwww.mooreburkina.com%2Ffiles%2Fpdf-files%2FBambara%2520arbres_0.pdf,PDF.js viewer,moore,,book_document,200,text/html,1258
a5d50ccb93955116,https://mooreburkina.com/libraries/pdfjs-dist-viewer-min/build/minified/web/viewer.html?file=%2Fsites%2Fwww.mooreburkina.com%2Ffiles%2Fpdf-files%2FBambara%2520insectes%2520et%2520araign%25C3%25A9es.pdf,PDF.js viewer,moore,,book_document,200,text/html,1258
d74e6367914fcff9,https://mooreburkina.com/libraries/pdfjs-dist-viewer-min/build/minified/web/viewer.html?file=%2Fsites%2Fwww.mooreburkina.com%2Ffiles%2Fpdf-files%2FBambara%2520poissons.pdf,PDF.js viewer,moore,,book_document,200,text/html,1258
e4889093fcd5716b,https://mooreburkina.com/libraries/pdfjs-dist-viewer-min/build/minified/web/viewer.html?file=%2Fsites%2Fwww.mooreburkina.com%2Ffiles%2Fpdf-files%2FGuide%2520d%2527orthographe%2520dioula.pdf,PDF.js viewer,dioula;moore,,orthography,200,text/html,1258
1019950e9b586e9d,https://mooreburkina.com/sites/mooreburkina.af2.wfbuild.net/files/Diction%20exe/Dioula%20-%20Lexique%20Pro%20Setup.exe,404 Not Found,dioula;moore,,dictionary,404,text/html,40
5b46b9f82c680456,https://mooreburkina.com/sites/mooreburkina.af2.wfbuild.net/files/Diction%20exe/Farefare%20-%20Ninkare%20Lexique%20Pro%20Setup.exe,404 Not Found,moore,,dictionary,404,text/html,40
f343fba2e0436b6e,https://mooreburkina.com/sites/mooreburkina.af2.wfbuild.net/files/Diction%20exe/Fulfulde-BF%20-%20Lexique%20Pro%20Setup.exe,404 Not Found,fulfulde;moore,,dictionary,404,text/html,40
3c863c4736fbfe4a,https://mooreburkina.com/sites/mooreburkina.af2.wfbuild.net/files/Diction%20exe/Gourmanch%C3%A9ma%20-%20Lexique%20Pro%20Setup.exe,404 Not Found,gulimancema;moore,,dictionary,404,text/html,40
5a36e744cc81395b,https://mooreburkina.com/sites/mooreburkina.af2.wfbuild.net/files/Diction%20exe/Kassem%20-%20Lexique%20Pro%20Setup.exe,404 Not Found,moore,,dictionary,404,text/html,40
633c8e2a9c84cf93,https://mooreburkina.com/sites/mooreburkina.af2.wfbuild.net/files/Diction%20exe/Kusaal%20-%20Lexique%20Pro%20Setup.exe,404 Not Found,moore,,dictionary,404,text/html,40
617ab5fdc427f22e,https://mooreburkina.com/sites/mooreburkina.af2.wfbuild.net/files/Diction%20exe/Lobiri%20-%20Lexique%20Pro%20Setup.exe,404 Not Found,lobiri;moore,,dictionary,404,text/html,40
ff06395e428ffa92,https://mooreburkina.com/sites/mooreburkina.af2.wfbuild.net/files/Diction%20exe/San%20du%20sud%20-%20Lexique%20Pro%20Setup.exe,404 Not Found,moore;san,,dictionary,404,text/html,40
